,gene,ASD
0,FAM13B,0
1,THAP3,0
2,FAM168A,0
3,DERL2,0
4,TRIP13,0
5,NTN1,0
6,DRD4,0
7,MRPS34,0
8,PCDHB4,0
9,RBM22,0
10,MLF2,0
11,OSGEP,0
12,PDXP,0
13,HMOX1,0
14,MCM5,0
15,PIGH,0
16,ZFYVE21,0
17,MTHFD1,0
18,CINP,0
19,PAGE4,0
20,STAG2,0
21,F9,0
22,ABCD1,0
23,USP11,0
24,DECR2,0
25,AQP9,0
26,TULP2,0
27,KCNA7,0
28,SLC1A6,0
29,CDC37,0
30,WASL,0
31,AEBP1,0
32,SEC61B,0
33,ATE1,0
34,PPIF,0
35,SUPT4H1,0
36,PIGL,0
37,CCL13,0
38,VTN,0
39,CTSC,0
40,ELK3,0
41,GPRC5D,0
42,NUP107,0
43,MAPK14,0
44,HBEGF,0
45,PCDHB3,0
46,PCDHB6,0
47,PCDHB7,0
48,IL5,0
49,ST8SIA4,0
50,UBE3A,1
51,MORC1,0
52,WDFY1,0
53,NCK2,0
54,SNX17,0
55,NDUFS7,0
56,TLX2,0
57,NEU2,0
58,PPP1R7,0
59,RMDN2,0
60,MIIP,0
61,NT5C1A,0
62,SYF2,0
63,A4GNT,0
64,MMP8,0
65,TNNT2,0
66,CAMSAP2,1
67,TTR,0
68,CPSF3,0
69,IRF2BPL,1
70,KLRK1,0
71,TAS2R10,0
72,FYTTD1,0
73,EEPD1,0
74,WIPF3,0
75,C4BPB,0
76,ZNF350,0
77,SNRPC,0
78,CPNE5,0
79,SCGB1D2,0
80,KATNAL2,1
81,MYH2,0
82,MBOAT7,1
83,LILRB3,0
84,OTOR,0
85,FNTB,0
86,RRAS,0
87,TSKS,0
88,OMG,0
89,KLF2,0
90,ZNF10,0
91,PEX1,0
92,RAC2,0
93,QTRT1,0
94,PARP2,0
95,DOCK7,0
96,CORO7,0
97,MEGF8,0
98,HCN2,0
99,LILRA1,0
100,LILRA2,0
101,KRT31,0
102,SLC4A5,0
103,TDRD1,0
104,FKBP6,0
105,PCDHGA12,0
106,SAFB2,0
107,NDUFA10,0
108,JUND,0
109,EIF2S3,0
110,PPAN,0
111,ZNF236,0
112,C1QL1,0
113,PCDHAC1,1
114,PCDHGA3,0
115,BARX1,0
116,TNS4,0
117,FUS,0
118,WDR7,0
119,TIMM10B,0
120,UTP3,0
121,MATN2,0
122,CRP,0
123,SEC14L4,0
124,PI4KA,0
125,PEBP4,0
126,MRPS36,0
127,TIMM10,0
128,KLB,0
129,SEMA6A,0
130,SDS,0
131,GDF11,0
132,MIP,0
133,MDM2,0
134,TMEM231,1
135,CYP27A1,1
136,MRPS9,0
137,CFC1,0
138,PSORS1C1,0
139,DDX60L,0
140,TUBGCP4,0
141,KHK,0
142,CYP2C9,0
143,DNAJC13,0
144,COL8A1,0
145,COX17,0
146,OSBPL8,0
147,ABCC9,0
148,TRAF5,0
149,ENOX1,0
150,B9D1,0
151,TTC19,0
152,RIMBP2,0
153,GNB5,0
154,SPG11,0
155,SLC30A4,0
156,SNX1,0
157,RAB11A,0
158,SPAG9,0
159,PHF3,1
160,WIPI1,0
161,KMT2C,1
162,RIMS2,0
163,RCOR1,0
164,NUBP2,0
165,AXIN1,0
166,IL12RB2,0
167,GINS1,0
168,GNAO1,0
169,SRCAP,1
170,SETD1A,0
171,CBFA2T2,0
172,MAU2,0
173,BPI,0
174,SAMHD1,0
175,HACE1,0
176,CNPY4,0
177,ARPC1A,0
178,SORCS1,0
179,SCARF1,0
180,MSH4,0
181,ARVCF,0
182,LY9,0
183,PAX8,0
184,MTIF2,0
185,LY75,0
186,CHRDL2,0
187,KAT2B,1
188,STRN,0
189,LCAT,0
190,HSF4,0
191,CBL,0
192,FARP2,0
193,CPOX,0
194,CUL3,1
195,PHRF1,1
196,MLPH,0
197,PSMD3,0
198,PDCD6,0
199,GALNT7,0
200,EGF,0
201,CALB1,0
202,CLCN2,0
203,DBF4,0
204,HYAL1,0
205,ITIH4,0
206,TIMP3,0
207,MTFP1,0
208,PDE6H,0
209,ETNK1,0
210,ZCRB1,0
211,LLPH,0
212,INHBE,0
213,CPSF6,0
214,SMARCC2,1
215,C12orf10,0
216,PXN,0
217,FITM1,0
218,MYZAP,0
219,PMM2,0
220,PRSS36,0
221,CDH13,1
222,ZNF174,0
223,IMPA2,0
224,SLC39A6,0
225,ASXL3,1
226,ZMYND15,0
227,ARHGDIA,0
228,TTYH2,0
229,IGFBP4,0
230,SH3GL1,0
231,ZNF45,0
232,BCKDHA,0
233,IFNAR1,0
234,ADAMTS10,0
235,RNPEPL1,0
236,GPR32,0
237,HMCN1,0
238,POGZ,1
239,JTB,0
240,ACP1,0
241,PPFIA4,0
242,ARL8A,0
243,REG3G,0
244,CPO,0
245,CNPY2,0
246,ALDH1L1,0
247,CISD2,0
248,PPP1R18,0
249,NFKBIE,0
250,TAAR6,0
251,EGFR,0
252,KCTD7,0
253,UPF3B,1
254,ATP6V1B2,0
255,CHRNA6,0
256,ERLIN2,0
257,GINS4,0
258,NACC2,0
259,ABLIM1,0
260,FUOM,0
261,OR5F1,0
262,RPS3,0
263,DUSP6,0
264,PPP1R1C,0
265,USP15,1
266,DIP2C,1
267,GUF1,0
268,MED13L,1
269,SPC25,0
270,GUCY1A2,1
271,ZNF256,0
272,USP12,0
273,MBNL1,0
274,UXS1,0
275,UBP1,0
276,HS3ST3A1,0
277,ANKH,0
278,ABCA6,0
279,DISP1,0
280,FAM167A,0
281,PDLIM3,0
282,KLF10,0
283,SAMSN1,0
284,TMBIM4,0
285,KCNMA1,1
286,CXCL13,0
287,CLDN17,0
288,KCNS2,0
289,CD109,0
290,SLC6A1,1
291,FZD1,0
292,CACNA1D,1
293,COQ5,0
294,PSMG3,0
295,HIST1H2BD,0
296,SLCO2B1,0
297,SLAMF8,0
298,ARAF,0
299,HK2,0
300,PIP,0
301,SIGLEC12,0
302,LILRA4,0
303,SHKBP1,0
304,PSG6,0
305,DBN1,0
306,LY6K,0
307,PTCD1,0
308,FBXO17,0
309,BAX,0
310,ZNF653,0
311,TNFSF12,0
312,POLR3K,0
313,PTX4,0
314,NTN3,0
315,LRP5,0
316,RBP7,0
317,AZIN2,0
318,GBP7,0
319,ARPC5,0
320,ALPI,0
321,MRPS18C,0
322,POGLUT1,0
323,PTPRN,0
324,ABI2,0
325,WDFY3,1
326,THOC7,0
327,CPA3,0
328,CCR1,0
329,ELP6,0
330,SLC51A,0
331,CAMP,0
332,TREX1,0
333,MFSD8,0
334,MON1A,0
335,GRIA2,0
336,NAA15,1
337,TMEM184C,0
338,PRDM9,0
339,RICTOR,0
340,CSF2,0
341,IL22RA2,0
342,DAGLB,0
343,TRA2A,0
344,TMEM74,0
345,ABCB8,0
346,UBAP1,0
347,WNK2,0
348,SSX7,0
349,DUSP16,0
350,NELL1,1
351,JAM3,0
352,COX11,0
353,POLR2M,0
354,CLEC3A,0
355,TK2,0
356,CHRFAM7A,0
357,ZNF211,0
358,MARVELD3,0
359,SLFN5,0
360,MVD,0
361,ANKRD11,1
362,KMT2D,0
363,PRODH2,0
364,LAIR2,0
365,ZNF526,0
366,TRPV3,0
367,CGB1,0
368,UNKL,0
369,HSPB2,0
370,SH3D19,0
371,XAGE3,0
372,GPR27,0
373,UGT1A6,0
374,ZNF138,0
375,PPID,0
376,ABCC8,0
377,PCDHA10,1
378,ZNF33A,0
379,C1GALT1C1,0
380,KRT28,0
381,SPACA5,0
382,KRTAP1-1,0
383,RPAP1,0
384,TBCA,0
385,ZNF3,0
386,ASPSCR1,0
387,PCDHGC4,0
388,CTNND2,1
389,RPTOR,0
390,CHST14,0
391,DST,1
392,METTL18,0
393,ATP6V0A4,0
394,RNASEH2C,0
395,EIF4EBP3,0
396,AGR3,0
397,INHBC,0
398,GABRB3,1
399,GP6,0
400,PSG1,0
401,THAP6,0
402,ACO1,0
403,PGA5,0
404,MIS18BP1,0
405,INTS6,1
406,SP3,0
407,PRM1,0
408,LSM1,0
409,CSRP2,0
410,C12orf66,0
411,RSF1,0
412,REST,0
413,TLR8,0
414,TNS3,0
415,ZHX3,0
416,YPEL2,0
417,MOBP,0
418,KMT2E,1
419,SSX5,0
420,TCAP,0
421,DEFB114,0
422,RAB8B,0
423,KCNK10,0
424,MLXIP,0
425,STAB1,0
426,NETO1,0
427,RNASEH1,0
428,FUT6,0
429,ASB3,0
430,OAZ3,0
431,AURKB,0
432,SENP3,0
433,GPR88,0
434,WDR35,0
435,GALNT14,1
436,MAP6D1,0
437,RRH,0
438,MAGEF1,0
439,SHQ1,0
440,ARL6IP6,0
441,MRPS31,0
442,ANXA2R,0
443,HOXD8,0
444,UBE2N,0
445,FARS2,0
446,TLK2,1
447,PITPNA,0
448,FKBP10,0
449,MET,1
450,CABP1,0
451,SSR4,0
452,EEA1,0
453,DUOX1,0
454,FUBP3,0
455,NCL,0
456,COL26A1,0
457,BACE1,0
458,TRIM73,0
459,SYTL2,0
460,PINX1,1
461,PSG11,0
462,CYBRD1,0
463,KDF1,0
464,RCN2,0
465,ITFG1,0
466,SH3GL3,0
467,TRIP10,0
468,BANK1,0
469,FAM3A,0
470,YARS2,0
471,TUBD1,0
472,PITPNB,0
473,DIAPH2,0
474,TNNI3K,0
475,FGF13,0
476,ZNF543,0
477,MTSS1,0
478,DTX2,0
479,LRSAM1,0
480,ATRIP,0
481,E2F7,0
482,FAM210A,0
483,MED14,0
484,HACL1,0
485,ULK1,0
486,FLII,0
487,HNRNPM,0
488,CNDP2,0
489,DIRAS1,0
490,PRX,0
491,LRRC37A,0
492,FRAS1,0
493,CWF19L1,0
494,SHISA3,0
495,ABHD1,0
496,CLGN,0
497,IMP3,0
498,LMNB2,0
499,COL10A1,0
500,ACSM2B,0
501,AP2A2,0
502,YAF2,0
503,RLIM,1
504,JAG2,0
505,PIF1,0
506,DSCR4,0
507,FOXK1,0
508,RBM10,0
509,GTF2H2,0
510,TRAK1,0
511,CREB3L2,0
512,SPDYE4,0
513,CADM1,1
514,MCEMP1,0
515,RESP18,0
516,PTRHD1,0
517,SPRR3,0
518,TM2D3,0
519,CNTN2,0
520,P2RX7,0
521,KPNA7,0
522,TSSC4,0
523,ZNRD1,0
524,C11orf54,0
525,KIAA0825,0
526,IKZF1,0
527,ARMCX2,0
528,RIPPLY3,0
529,TAS1R1,0
530,PRMT3,0
531,EEF1G,0
532,DHX34,0
533,EPHB3,0
534,SLIT3,1
535,ZNF92,0
536,PARPBP,0
537,WBP2NL,0
538,PRSS55,0
539,VMA21,0
540,INPP5J,0
541,HSD17B13,0
542,ARSI,0
543,CMTM4,0
544,FIGN,0
545,OIT3,0
546,KIF9,0
547,NDEL1,0
548,HAP1,0
549,FGF3,0
550,RGS9BP,0
551,RFTN1,0
552,CACNA1H,1
553,KPNA4,0
554,C2CD3,0
555,PPIL2,0
556,DHRS4L2,0
557,CCIN,0
558,MT1B,0
559,SPIN2B,0
560,GPR142,0
561,VPS39,0
562,C1QL4,0
563,ZPBP2,0
564,TNPO1,0
565,LARP1,0
566,ANG,0
567,TNRC6C,0
568,PLS1,0
569,NME1,0
570,AZIN1,0
571,CENPQ,0
572,HYAL3,0
573,DACT1,0
574,ELAC2,0
575,GGTLC1,0
576,DCX,1
577,CIDEB,0
578,PACRG,0
579,SUV39H1,0
580,PSMF1,0
581,SUGCT,0
582,MGAT4B,0
583,AGTPBP1,0
584,MS4A4A,0
585,UGP2,0
586,BCL11A,1
587,SSX2,0
588,BAG5,0
589,SEC23B,0
590,BRIX1,0
591,ATAD1,0
592,EEF1A1,0
593,RPS7,0
594,ASCC1,0
595,DFFB,0
596,RHD,0
597,TRIM2,0
598,ARL4C,0
599,MRPL43,0
600,LBR,0
601,XRRA1,0
602,TAF1A,0
603,MYB,0
604,LMX1A,0
605,SERINC3,0
606,ZNF14,0
607,HUWE1,1
608,GJB5,0
609,C1QTNF1,0
610,NEO1,1
611,CECR2,1
612,ZNF695,0
613,WNK1,0
614,DCAF5,0
615,COBLL1,0
616,PPP1CC,0
617,ADIPOR1,0
618,PHF10,0
619,TNNI3,0
620,SPINT1,0
621,NCR3,0
622,BTNL8,0
623,ABCA9,0
624,ATP9A,0
625,AURKAIP1,0
626,PPM1G,0
627,NKX2-3,0
628,GOLGA8B,0
629,EPB41L3,0
630,SKOR1,0
631,FOXN3,0
632,VSTM1,0
633,SEC24C,0
634,USP7,1
635,MAP4K4,0
636,CORO2A,0
637,NLRP13,0
638,FRMD6,0
639,RHBDL1,0
640,TRIM14,0
641,PROZ,0
642,PEAR1,0
643,SCGB1C1,0
644,ARID1B,1
645,CLEC12B,0
646,APOL3,0
647,BSDC1,0
648,CMTM5,0
649,SLC25A40,0
650,MYO1F,0
651,PTP4A2,0
652,GLI4,0
653,OLFM3,0
654,HMGB1,0
655,PCDHB13,0
656,CTSB,0
657,ZC3H7B,0
658,PMEPA1,0
659,DPY30,0
660,NUP50,0
661,PLCH1,0
662,SLC12A6,0
663,DDX21,0
664,REG4,0
665,SETDB2,1
666,FBXO2,0
667,CRKL,0
668,KIAA0586,0
669,VPS72,0
670,MAK,0
671,HNRNPA2B1,0
672,PCDHB11,0
673,GABPA,0
674,SLC25A26,0
675,WAC,1
676,HIST1H4J,0
677,AP3D1,0
678,GIT2,0
679,THSD4,0
680,RNF220,0
681,MFSD12,0
682,GFRA1,0
683,VANGL1,0
684,KRT39,0
685,SORBS2,0
686,COA4,0
687,RET,0
688,UBQLN3,0
689,UBE2I,0
690,TRIM13,0
691,MMP23B,0
692,ANO2,0
693,ACMSD,0
694,GJB6,0
695,HVCN1,0
696,PPP1R26,0
697,ARG1,0
698,ICK,0
699,CFAP43,0
700,ANK2,1
701,ANKRD7,0
702,BCL11B,0
703,GFPT1,0
704,PTPRS,0
705,ANAPC11,0
706,SMC4,0
707,FRMD4A,0
708,ZNF43,0
709,DNAJC14,0
710,BMX,0
711,UNC50,0
712,ZNF98,0
713,NR3C2,1
714,GMPPA,0
715,TPM1,0
716,CNOT3,1
717,DNA2,0
718,PLXNB1,1
719,PASK,0
720,ENTPD4,0
721,NLGN3,1
722,SYN3,1
723,PBLD,0
724,GTPBP3,0
725,STIP1,0
726,TFEB,0
727,AVPR2,0
728,ELN,0
729,TGFBR2,0
730,NAE1,0
731,NLRC3,0
732,WWP2,0
733,TCF20,1
734,GTF3C2,0
735,SUPV3L1,0
736,SLC39A14,0
737,PLXNA4,1
738,TRRAP,1
739,P2RX4,1
740,PYY,0
741,TFRC,0
742,RTEL1,0
743,MAGEA4,0
744,ATP2B2,1
745,GATAD2A,0
746,LZTS3,0
747,CDC16,0
748,MYH10,1
749,SULT1A4,0
750,ZNF528,0
751,DPP3,0
752,PLAGL1,0
753,TOPORS,0
754,ANKRD53,0
755,PIM3,0
756,ITGB1BP1,0
757,ZNF148,0
758,TRPM6,0
759,GJA9,0
760,ANKHD1,0
761,SIGLEC14,0
762,MTHFSD,0
763,FAM110A,0
764,C11orf80,0
765,NCKAP1,1
766,ZNF37A,0
767,JADE2,0
768,ANKRD30A,0
769,TNNI1,0
770,MT-CO1,0
771,MT-CYB,0
772,GPX6,0
773,MT-ATP6,0
774,MT-ND6,0
775,MT-ND1,0
776,MT-ND4L,0
777,SPRYD7,0
778,CNTNAP2,1
779,DCTN1,0
780,MT-ND5,0
781,ARHGEF2,0
782,MT-CO2,0
783,GRM1,1
784,CDC14A,0
785,MAP3K3,0
786,MT-ND4,0
787,MT-CO3,0
788,ILF2,1
789,MT-ND2,0
790,ZSCAN20,0
791,SHISA4,0
792,MT-ND3,0
793,MT-ATP8,0
794,CNTF,0
795,GAGE2A,0
796,EXO1,0
797,IRF2BP2,0
798,SIPA1L2,0
799,EXOC8,0
800,TRIM17,0
801,IBA57,0
802,DLL1,0
803,FGFR1OP,0
804,IARS2,0
805,ESRRG,0
806,PROX1,0
807,SLC22A1,0
808,DTL,0
809,LPGAT1,0
810,SYT14,0
811,HSD11B1,1
812,CD55,0
813,C4BPA,0
814,EZR,0
815,IL20,0
816,MAPKAPK2,0
817,SLC26A9,0
818,RAB29,0
819,SLC45A3,0
820,KLHDC8A,0
821,MDM4,0
822,ETNK2,0
823,RGS17,0
824,ADORA1,0
825,KDM5B,1
826,CSRP1,0
827,PHLDA3,0
828,TMEM9,0
829,RAET1L,0
830,PCMT1,0
831,KATNA1,0
832,UCHL5,0
833,TAB2,0
834,SHPRH,0
835,XPR1,0
836,HIVEP2,0
837,TNR,0
838,RC3H1,0
839,PIGC,0
840,DNM3,0
841,SCYL3,0
842,AHI1,1
843,BLZF1,0
844,ATP1B1,0
845,MPC2,0
846,GPA33,0
847,TADA1,0
848,TCF21,0
849,MGST3,0
850,DDR2,0
851,ATF6,0
852,NR1I3,0
853,PPOX,0
854,USP21,0
855,USF1,0
856,F11R,0
857,PEA15,0
858,IGSF8,0
859,TAGLN2,0
860,FCRL6,1
861,SPTA1,0
862,ARHGAP18,0
863,PTPRK,0
864,THEMIS,0
865,BGLAP,0
866,PMF1,0
867,SEMA4A,0
868,LMNA,0
869,LAMTOR2,0
870,RIT1,0
871,CENPW,0
872,GON4L,0
873,DAP3,0
874,CLK2,0
875,MTX1,0
876,THBS3,0
877,IL6R,0
878,KPNA5,0
879,CREB3L4,0
880,SLC39A1,0
881,GLRX3,0
882,CHTOP,0
883,FANK1,0
884,S100A13,0
885,S100A14,0
886,S100A16,0
887,S100A3,0
888,S100A4,0
889,S100A5,0
890,S100A6,0
891,S100A7,0
892,S100A7A,0
893,S100A8,0
894,S100A12,0
895,SPRR2E,0
896,SPRR2B,0
897,SPRR2D,0
898,SPRR1A,0
899,SMCP,0
900,LCE4A,0
901,LCE2A,0
902,UROS,0
903,S100A10,0
904,SLC16A10,0
905,PI4KB,0
906,CUZD1,0
907,DMBT1,0
908,CDC40,0
909,NR2E1,0
910,TACC2,0
911,PDSS2,0
912,ADAMTSL4,0
913,QRSL1,0
914,ATG5,0
915,VPS45,0
916,BOLA1,0
917,SIM1,0
918,GJA8,0
919,FBXL4,0
920,FAM160B1,0
921,NRAP,0
922,SCAF11,0
923,TCF7L2,1
924,TECTB,0
925,CD101,0
926,MTCP1,0
927,IGSF3,0
928,CNR1,1
929,NHLH2,0
930,SYCP1,0
931,SLC35A1,0
932,AP4B1,0
933,DUSP5,0
934,SMNDC1,0
935,RIPPLY2,0
936,RAP1A,0
937,CHIA,0
938,KCNA3,0
939,DNASE1L1,0
940,AMIGO1,0
941,PSRC1,0
942,GBF1,0
943,L1CAM,0
944,PRMT6,0
945,SLC30A7,0
946,EXTL2,0
947,FBXW4,0
948,SLC35A3,1
949,POLL,0
950,PTBP2,1
951,ALG14,0
952,HAUS7,0
953,BCAR3,0
954,DR1,0
955,PAX2,0
956,GABRA3,1
957,RPL5,0
958,GFI1,0
959,KHDC1,0
960,GBP5,0
961,ENTPD7,0
962,SPANXN1,0
963,SPANXN3,0
964,SPANXD,0
965,SPANXD,0
966,SPANXD,0
967,SPANXD,0
968,SPANXA2,0
969,SPANXA1,0
970,LMO4,0
971,HS2ST1,0
972,COL24A1,0
973,BCL10,0
974,MCOLN3,0
975,MCOLN2,0
976,PI4K2A,0
977,BRS3,0
978,DNASE2B,0
979,PRKACB,0
980,USP33,0
981,ACADM,0
982,FPGT,0
983,ELOVL5,0
984,SRSF11,1
985,GSTA4,0
986,GSTA5,0
987,DNAJC6,0
988,ITGB3BP,0
989,LCOR,0
990,SMARCA1,0
991,GLYATL3,0
992,XIAP,0
993,TACSTD2,0
994,DAB1,1
995,SORBS1,0
996,CACNA1B,1
997,RCAN2,0
998,PLCE1,0
999,ENPP5,0
1000,NKAP,0
1001,RBP4,0
1002,ZNF217,0
1003,TSHZ2,0
1004,HSP90AB1,0
1005,ORC1,0
1006,PTPN1,0
1007,TMEM189,0
1008,EGFL7,0
1009,KIF20B,0
1010,MRPS2,0
1011,OLFM1,0
1012,IFIT3,0
1013,IFIT2,0
1014,CT83,0
1015,STAMBPL1,0
1016,IL13RA2,0
1017,PTEN,1
1018,POMGNT1,1
1019,MRPL14,0
1020,SNCG,0
1021,MMRN2,0
1022,BMPR1A,0
1023,AKR1A1,0
1024,RAPGEF1,0
1025,DYDC1,1
1026,UCK1,0
1027,MAT1A,0
1028,DMAP1,0
1029,TSC22D3,0
1030,ASS1,1
1031,CDC20,0
1032,ERMAP,0
1033,SH3GLB2,0
1034,FOXJ3,0
1035,IL1RAPL2,1
1036,HIVEP3,1
1037,FOXO6,0
1038,CTPS1,0
1039,TCEAL1,0
1040,TBC1D13,0
1041,EPPIN,0
1042,RIMS3,1
1043,BEX4,0
1044,DUSP13,0
1045,ZFP69,0
1046,TP53TG5,0
1047,BHLHB9,0
1048,MATN4,0
1049,CAP1,0
1050,YWHAB,0
1051,TBCC,0
1052,PKIG,0
1053,NDUFS5,0
1054,SYTL4,0
1055,RRAGC,0
1056,LCN2,0
1057,FRS3,0
1058,CDCA8,0
1059,FOXP4,0
1060,ZC3H12A,0
1061,SPOCK2,0
1062,KLHL4,0
1063,STK40,0
1064,ST6GALNAC6,0
1065,ZNF711,0
1066,AK1,0
1067,PTPRT,1
1068,SAR1A,0
1069,NCDN,0
1070,H2AFY2,0
1071,GLP1R,0
1072,LPIN3,0
1073,PGK1,0
1074,DLGAP3,1
1075,CSMD2,0
1076,VPS26A,0
1077,TTI1,0
1078,VSTM2L,0
1079,SRC,0
1080,COPS7B,0
1081,GHRH,0
1082,KPNA6,0
1083,MTCH1,0
1084,RC3H2,0
1085,COL16A1,0
1086,CNTRL,0
1087,PTAFR,0
1088,TGIF2,0
1089,SMPDL3B,0
1090,RPA2,0
1091,AAR2,0
1092,STX12,0
1093,PCDH15,1
1094,PRKG1,0
1095,SCAND1,0
1096,FGR,0
1097,AHDC1,1
1098,GJB1,0
1099,RBM12,0
1100,DRGX,0
1101,RGS3,0
1102,PIGV,0
1103,POLE3,0
1104,LIN28A,0
1105,UBXN11,0
1106,CNKSR1,0
1107,PDIK1L,0
1108,SLC7A3,1
1109,GPRIN2,0
1110,GDF5,0
1111,STPG1,0
1112,LPAR1,0
1113,EIF6,0
1114,RASGEF1A,0
1115,BAK1,0
1116,IGBP1,0
1117,DAXX,0
1118,HTR1D,0
1119,C1QC,0
1120,SLC39A7,0
1121,RXRB,0
1122,NCOA6,0
1123,TP53INP2,0
1124,ALPL,0
1125,PSMB8,0
1126,SPIN2A,0
1127,HLA-DQB1,0
1128,MAGED2,0
1129,AGER,0
1130,CDA,0
1131,PLA2G2F,0
1132,ZNF341,0
1133,ATF6B,0
1134,SIK3,0
1135,ALDH4A1,0
1136,DXO,0
1137,PAX7,0
1138,RCC2,0
1139,SCN2A,1
1140,PADI4,0
1141,FGD3,0
1142,RBM7,0
1143,SPANXN5,0
1144,EHMT2,0
1145,ASPN,0
1146,XAGE1A,0
1147,XAGE1A,0
1148,XAGE1A,0
1149,XAGE1A,0
1150,IARS,0
1151,HSPA1L,0
1152,ASXL1,0
1153,CARD17,0
1154,ZBTB17,0
1155,RND3,0
1156,SYK,0
1157,CLIC1,0
1158,DDAH2,0
1159,MKX,0
1160,S1PR3,0
1161,LY6G5B,0
1162,CSNK2B,0
1163,GPANK1,0
1164,ISCA1,0
1165,MYLK2,0
1166,NUDT10,0
1167,SHROOM4,0
1168,PRRC2A,0
1169,CCNB3,0
1170,PAGE1,0
1171,MCCD1,0
1172,TCF19,0
1173,GAD2,0
1174,DEFB119,0
1175,SHISA7,0
1176,CLYBL,0
1177,GRIPAP1,0
1178,TLE4,0
1179,MTHFR,1
1180,WDR13,0
1181,RBM3,0
1182,FBXO44,0
1183,KLK6,0
1184,ANXA1,1
1185,SSX1,0
1186,SOX21,0
1187,ZNF81,0
1188,ZNF41,0
1189,NEBL,0
1190,KLF9,0
1191,OR2J3,0
1192,LZIC,0
1193,ZKSCAN3,0
1194,CTNNBIP1,0
1195,ARL5B,0
1196,ZNF165,0
1197,CBWD1,0
1198,CA6,1
1199,DTD1,0
1200,KCTD12,0
1201,LBX2,0
1202,KLF12,0
1203,MGME1,0
1204,HIST1H4H,0
1205,KRTAP1-4,0
1206,SNX5,1
1207,HIST1H3D,0
1208,HIST1H2AC,0
1209,TCOF1,0
1210,TRDMT1,0
1211,PLCXD3,0
1212,RRBP1,0
1213,RTN3,0
1214,SLC17A2,0
1215,RSU1,0
1216,GKN1,0
1217,RNF207,0
1218,KDM6A,1
1219,GRXCR2,0
1220,CEP68,0
1221,PTER,0
1222,FLRT3,0
1223,SEL1L2,0
1224,BLACE,0
1225,GPR34,0
1226,DLEU1,0
1227,AJAP1,0
1228,TPM2,0
1229,RCBTB1,0
1230,REEP2,0
1231,HSPA14,0
1232,LPAR6,0
1233,PANK4,0
1234,NRSN1,0
1235,CLLU1OS,0
1236,CAMKMT,0
1237,PLCB4,0
1238,CCL7,0
1239,PIGO,0
1240,NADK,0
1241,COX7A2L,0
1242,UQCRQ,0
1243,GDF9,0
1244,OPTN,0
1245,RAD50,0
1246,MCM8,0
1247,TAB3,0
1248,MAGEB1,0
1249,CNTFR,0
1250,IL1RAPL1,1
1251,PRKD3,0
1252,NUDT2,0
1253,PCNA,0
1254,ZFX,0
1255,C4orf46,0
1256,DNAJC15,0
1257,DNAJC2,0
1258,ACSL6,0
1259,SLC23A2,0
1260,SLC30A6,0
1261,PTCHD1,1
1262,AGRN,0
1263,LYRM7,0
1264,RASSF2,0
1265,MUC3A,0
1266,MTRF1,0
1267,KBTBD6,0
1268,YPEL5,0
1269,PAK1IP1,0
1270,GCNT2,0
1271,UFM1,0
1272,SLC35B3,0
1273,NDNF,0
1274,INSL3,0
1275,TRPC4,0
1276,SOHLH2,0
1277,LY86,0
1278,GLRX,0
1279,LINGO2,0
1280,ARSK,0
1281,MPV17,0
1282,CDK14,0
1283,ANKRD16,0
1284,TXLNG,0
1285,NABP2,0
1286,IFNW1,0
1287,HBE1,0
1288,FOCAD,0
1289,HBG2,0
1290,FAM50B,0
1291,BCL7C,0
1292,MMP26,0
1293,PTPRA,0
1294,PIR,0
1295,AKR1C4,0
1296,NQO2,0
1297,SLC22A18,0
1298,TMSB4X,0
1299,PTCD2,0
1300,UBL3,0
1301,PDE4A,1
1302,TAF9,0
1303,RABGEF1,0
1304,CENPO,0
1305,CEP152,0
1306,PITRM1,0
1307,NLGN4X,1
1308,ARSF,0
1309,RCAN1,0
1310,SDC1,0
1311,PTPRD,0
1312,TECRL,0
1313,ZBED1,0
1314,POLR2B,0
1315,EXOC1,0
1316,IL6ST,0
1317,ADARB2,0
1318,DDX1,0
1319,MLANA,0
1320,GREB1,0
1321,NPSR1,0
1322,GGT6,0
1323,LZTS1,0
1324,RNF6,0
1325,SIRPB1,0
1326,GAGE12E,0
1327,HMG20A,0
1328,GAGE12H,0
1329,RCL1,0
1330,CATSPER2,0
1331,LSP1,0
1332,TMPRSS6,0
1333,SDCBP2,0
1334,GART,0
1335,YWHAQ,0
1336,TNNI2,0
1337,KLRD1,0
1338,RAD1,0
1339,C1QTNF9,0
1340,SEPSECS,0
1341,PISD,0
1342,BRSK2,1
1343,DMRT2,0
1344,NRSN2,0
1345,SACS,0
1346,FGFBP1,0
1347,DEAF1,1
1348,NOP2,0
1349,CD9,0
1350,IRX2,0
1351,DEFA1,0
1352,BET1L,0
1353,FBXO25,0
1354,SLC25A52,0
1355,RNMT,0
1356,LY6G6E,0
1357,OR2H2,0
1358,EOGT,0
1359,SH3BP5,0
1360,SEC13,0
1361,IL17RE,0
1362,CIDEC,0
1363,GOLM1,0
1364,LAMB4,0
1365,SPAG1,0
1366,GPX3,0
1367,HSPD1,0
1368,FAM83G,0
1369,TRIP12,1
1370,ITGAD,0
1371,POU6F1,0
1372,DNM2,0
1373,TM6SF2,0
1374,DNAH6,0
1375,TBR1,1
1376,EP400,1
1377,SHOX2,0
1378,ARHGAP8,0
1379,IL17REL,0
1380,TAS2R19,0
1381,TAS2R31,0
1382,ZNF304,0
1383,LILRB4,0
1384,CACNG7,0
1385,MYADM,0
1386,NLRP12,0
1387,KLK14,0
1388,AKT1S1,0
1389,GNG4,0
1390,KCNJ14,0
1391,LAMB3,0
1392,HDLBP,1
1393,OTOS,0
1394,PDC,0
1395,AKT2,0
1396,GPR55,0
1397,SP140,0
1398,RHBDD1,0
1399,SAMD4A,0
1400,TBP,0
1401,XRCC5,0
1402,ZBTB32,0
1403,EEF1B2,0
1404,SUMO1,0
1405,URI1,0
1406,MYO1B,0
1407,STAT4,0
1408,MFSD6,0
1409,INPP1,1
1410,GPS1,0
1411,BDH1,0
1412,ASH1L,1
1413,NCOA7,0
1414,RFC4,0
1415,SRSF2,0
1416,LENEP,0
1417,CRYGS,0
1418,DYNLL1,0
1419,CPT1C,0
1420,WIPF1,0
1421,GRB2,0
1422,PDK1,0
1423,WASF1,1
1424,CD300E,0
1425,CERS6,0
1426,B3GALT1,0
1427,ECT2,0
1428,CDON,0
1429,PRKAR1A,0
1430,TANK,0
1431,SCN3B,0
1432,B3GALNT1,0
1433,TECTA,1
1434,TMUB1,0
1435,MLF1,0
1436,SLC33A1,1
1437,GTDC1,0
1438,TDG,0
1439,SYCP3,0
1440,LCA5,0
1441,CYB561,0
1442,ANO4,0
1443,VWA2,0
1444,MRPS33,0
1445,GIPC1,0
1446,DPEP1,0
1447,BPGM,0
1448,RABL2A,0
1449,IL1F10,0
1450,IL36RN,0
1451,BANP,0
1452,LGMN,0
1453,NRF1,0
1454,FBXW9,0
1455,EME1,0
1456,SPOP,0
1457,TSPAN8,0
1458,CNOT6,0
1459,TGFBRAP1,0
1460,SNX11,0
1461,CBX1,0
1462,LIPT1,0
1463,TSGA10,0
1464,CNGA3,0
1465,AP1G1,0
1466,HYDIN,1
1467,CDKN2D,0
1468,MON2,0
1469,ST3GAL2,0
1470,GOLGB1,0
1471,FBXO8,0
1472,ZFYVE27,0
1473,FOLR1,0
1474,DRD1,1
1475,ZDHHC16,0
1476,ERGIC1,0
1477,SLC29A1,0
1478,REG3A,0
1479,CORO1B,0
1480,MAGEA12,0
1481,TAGLN3,0
1482,JUP,0
1483,MOSPD3,0
1484,PC,0
1485,PTTG1,0
1486,HELLS,0
1487,STAMBP,0
1488,GAPVD1,0
1489,SUOX,0
1490,G3BP1,0
1491,FHL1,0
1492,ORMDL3,0
1493,ZKSCAN5,0
1494,SV2B,0
1495,GUCA1A,0
1496,FBXO38,0
1497,PPP2R2B,0
1498,KRIT1,0
1499,RNF14,0
1500,BAD,0
1501,FKBP2,0
1502,DNASE1L3,0
1503,EFEMP1,0
1504,SLFN12,0
1505,SLFN11,0
1506,SLC28A1,0
1507,PCDHGA2,0
1508,ELOVL6,0
1509,STEAP2,0
1510,RPL34,0
1511,SGMS2,0
1512,CEMIP,0
1513,ADCY7,0
1514,DMTF1,0
1515,HSPA2,0
1516,AKAP5,0
1517,PRKCD,0
1518,ABCC11,0
1519,SFMBT1,0
1520,CXXC4,0
1521,EML3,0
1522,SLC9B2,0
1523,PAIP2,0
1524,SIL1,0
1525,SLC39A8,0
1526,TTC7A,0
1527,COL4A6,0
1528,CCL26,0
1529,FLOT2,0
1530,SPOCK1,0
1531,SIN3A,1
1532,BCKDK,1
1533,ALAS1,0
1534,MMRN1,0
1535,RGS19,0
1536,ZBTB46,0
1537,DAAM1,0
1538,PFDN6,0
1539,SULT1A3,0
1540,DRP2,0
1541,TBX6,0
1542,ALDOA,0
1543,POM121,0
1544,BRD2,0
1545,SEC31A,0
1546,KTN1,0
1547,AK4,0
1548,SLC16A9,0
1549,MVP,0
1550,PPP1CB,0
1551,QPRT,0
1552,PAQR5,0
1553,QRICH1,1
1554,PSPH,0
1555,SOCS4,0
1556,A1CF,0
1557,AGPAT1,0
1558,EGFL8,0
1559,COBL,0
1560,ULK2,0
1561,ATXN2L,0
1562,SULT1A1,0
1563,MAPK8,0
1564,SULT1A2,0
1565,CPT1B,0
1566,FBXW10,0
1567,TYMP,0
1568,ADM2,0
1569,AREG,0
1570,IL4R,0
1571,ZNF32,0
1572,POLM,0
1573,RAE1,0
1574,CD59,0
1575,MYL3,0
1576,COA1,0
1577,TEX11,0
1578,LRRC2,0
1579,NCALD,0
1580,TEKT3,0
1581,ELP4,1
1582,YWHAZ,0
1583,CASC1,0
1584,ADNP,1
1585,ITGB1,0
1586,EDA2R,0
1587,MOB1B,0
1588,LYRM1,0
1589,ZNF197,0
1590,LDHB,0
1591,NAV2,1
1592,NDUFAF6,0
1593,UMOD,0
1594,FAF1,0
1595,CCK,0
1596,RPL14,0
1597,MGST1,0
1598,TSPO,0
1599,RAB27A,0
1600,WDR72,0
1601,SNX16,0
1602,NDE1,0
1603,SOX6,0
1604,PRH2,0
1605,CYP19A1,0
1606,PKIA,0
1607,USP8,0
1608,DKK3,0
1609,COX7B2,0
1610,ATF7IP2,0
1611,GRIN2A,1
1612,SLC12A1,0
1613,TRIM40,0
1614,CARHSP1,0
1615,SGK3,0
1616,ABAT,1
1617,COCH,0
1618,ELP5,0
1619,HLA-A,1
1620,UBN1,0
1621,ARL4A,0
1622,THRB,0
1623,CENPK,0
1624,ILK,0
1625,CD72,0
1626,LTB4R,0
1627,ZNF384,0
1628,SNAI2,0
1629,CSNK1E,1
1630,TIGD7,0
1631,SLC38A9,0
1632,SLC29A4,1
1633,SOX10,0
1634,RBAK,0
1635,CLDN6,0
1636,KAT6A,1
1637,OR51E1,0
1638,ZNF182,0
1639,UBE2G1,0
1640,PLEKHG6,0
1641,NUDT1,0
1642,ART5,0
1643,GPER1,0
1644,ITIH5,0
1645,SFMBT2,0
1646,RGN,0
1647,WNT5B,0
1648,FOXRED2,0
1649,MPST,0
1650,IL15RA,0
1651,INS,0
1652,SLC22A17,0
1653,ELAVL2,1
1654,MB,0
1655,DUSP8,0
1656,TSPAN4,0
1657,CD151,0
1658,BPIFC,0
1659,CNTN4,1
1660,PTK2B,0
1661,EIF4ENIF1,0
1662,SLC7A7,1
1663,IRF7,0
1664,RASSF7,0
1665,FBXL16,0
1666,PRMT2,0
1667,TEN1,0
1668,CHMP7,0
1669,MCM3AP,0
1670,LSS,0
1671,ASCC2,0
1672,PPP3CC,0
1673,MED13,1
1674,COL8A2,0
1675,POLR3D,0
1676,CEP83,0
1677,ITGB2,0
1678,MBP,0
1679,NAV3,0
1680,TRPM2,0
1681,NPM2,0
1682,ZMYND11,1
1683,RNASE1,0
1684,CDH7,0
1685,MAP2K7,0
1686,SERPINB8,0
1687,GRIP1,1
1688,SERPINB7,0
1689,FGL1,0
1690,AGPAT3,0
1691,TMEM123,0
1692,HPS4,0
1693,APOF,0
1694,WDR4,0
1695,CABIN1,0
1696,FANCB,0
1697,TCF4,1
1698,DDT,0
1699,CGGBP1,0
1700,CST3,0
1701,PPME1,0
1702,FGFRL1,0
1703,LCP1,0
1704,TMPRSS2,0
1705,PCDHGA11,1
1706,PCDHGB7,0
1707,MX1,0
1708,PCDHGA8,0
1709,PCDHGA10,0
1710,PCDHA12,1
1711,PCDHA11,1
1712,TP53TG3,0
1713,B3GALT5,0
1714,PARP3,0
1715,TOP3B,1
1716,TNFSF11,0
1717,SLC25A45,0
1718,TOMM6,0
1719,DAAM2,0
1720,DYRK1A,1
1721,MS4A4E,0
1722,KSR1,0
1723,TTC3,0
1724,RPRD1A,0
1725,HLCS,0
1726,COL25A1,0
1727,CLDN14,0
1728,DSPP,0
1729,PSG5,0
1730,RABGGTA,0
1731,NEURL4,0
1732,MAP3K1,0
1733,DLG4,1
1734,RBBP8,0
1735,MRAP,0
1736,CLDN8,0
1737,RUNX3,0
1738,BACH1,0
1739,MAP3K7CL,0
1740,DDX3X,1
1741,CHD8,1
1742,MAGEB16,0
1743,MAGEB17,0
1744,SIRPA,0
1745,SNRPN,1
1746,L3MBTL4,0
1747,FKBP1A,0
1748,KDM1A,0
1749,USP25,0
1750,NRIP1,0
1751,TPTE2,0
1752,DEPDC5,1
1753,CDC42,0
1754,MACC1,0
1755,GGT1,0
1756,EIF4G3,0
1757,DSCAM,1
1758,PLA2G2A,0
1759,JAM2,0
1760,CRLF2,0
1761,CRLF2,0
1762,CRLF2,0
1763,CRLF2,0
1764,FAM72D,0
1765,MASP2,0
1766,SLC2A7,0
1767,ASXL2,0
1768,GP5,0
1769,MTA3,0
1770,CARF,0
1771,POMC,0
1772,LRRC32,0
1773,RDX,0
1774,IL18BP,0
1775,GAGE12D,0
1776,HPSE,0
1777,MEIG1,0
1778,APOBEC3A,0
1779,NPY,0
1780,KCTD1,0
1781,BCL6,0
1782,HCRTR1,0
1783,MEX3D,0
1784,TFIP11,0
1785,HYPK,0
1786,IFRD1,0
1787,RASSF8,0
1788,ARNTL,0
1789,ZBTB40,0
1790,AKAP12,0
1791,BTBD3,0
1792,CARD10,0
1793,CYP4F11,0
1794,STON1,0
1795,NRG1,1
1796,CTNNA2,1
1797,VSNL1,0
1798,TMEM79,0
1799,SLC8A1,0
1800,PSG4,0
1801,A4GALT,0
1802,CDKN1A,0
1803,ESRRA,0
1804,ABCB5,0
1805,SAA1,0
1806,GPR12,0
1807,PYCR1,0
1808,SULT6B1,0
1809,MRPS12,0
1810,IMMP2L,1
1811,P4HA2,1
1812,C1S,0
1813,FAH,0
1814,NLRC4,0
1815,KCTD17,0
1816,PRR16,0
1817,NRXN1,1
1818,ZNF155,0
1819,PICK1,0
1820,NCOA1,0
1821,RNF32,0
1822,CLDN15,0
1823,SLC25A19,0
1824,MAD1L1,0
1825,PDIA6,0
1826,NOLC1,0
1827,GAGE10,0
1828,MDK,0
1829,CGREF1,0
1830,TFDP3,0
1831,CLDN5,0
1832,SYCE3,0
1833,GPSM2,0
1834,ICA1,1
1835,IL6,1
1836,HERC3,0
1837,GRAMD4,0
1838,GAL3ST1,0
1839,PRKAR1B,0
1840,BLVRA,0
1841,PTGR1,0
1842,DGKB,0
1843,POP1,0
1844,KIF3A,0
1845,FOXO3,0
1846,TST,0
1847,SETD5,1
1848,DNASE1,0
1849,NUCB1,0
1850,DCDC1,0
1851,RPS14,0
1852,KCNS3,1
1853,BUD31,0
1854,MYH6,0
1855,ARMC5,0
1856,DAPK1,1
1857,IFITM1,0
1858,ALAD,0
1859,GULP1,0
1860,SCN9A,1
1861,SFTPB,0
1862,SAPCD2,0
1863,MGAT5,0
1864,IL1R1,0
1865,ZNF638,0
1866,HOXD3,0
1867,PSMD14,0
1868,PREPL,0
1869,CD8A,0
1870,DPAGT1,0
1871,C7orf31,0
1872,ZC3H12D,0
1873,SSB,0
1874,MCFD2,0
1875,KDM3A,0
1876,FHL2,0
1877,ATG9A,0
1878,SLC39A10,0
1879,UBE2E3,0
1880,C4orf48,0
1881,AFF3,0
1882,XIRP2,0
1883,ACTG2,0
1884,SH3BP4,0
1885,TET3,0
1886,RBM4,0
1887,STK16,0
1888,ST6GAL2,0
1889,CALCRL,0
1890,CWC22,0
1891,NCAPG2,0
1892,PLD3,0
1893,TRABD2A,0
1894,NCKAP5,1
1895,NPPC,0
1896,CPVL,0
1897,GIGYF2,1
1898,IL18R1,0
1899,MAP3K2,0
1900,TMEM150A,0
1901,NLRX1,0
1902,SBNO1,0
1903,FUT2,0
1904,SLC18A1,0
1905,CREB1,0
1906,TARS,0
1907,HIC2,0
1908,SOS1,0
1909,BRDT,0
1910,ARPC4,0
1911,LAMB2,0
1912,SEC61G,0
1913,ZFP36L1,0
1914,RARG,0
1915,RNF24,0
1916,EOMES,0
1917,RBM17,0
1918,LANCL1,0
1919,EIF4B,0
1920,NSG1,0
1921,PNMA5,0
1922,KIF25,0
1923,TCF12,0
1924,MMADHC,0
1925,PPP1R12A,0
1926,C1GALT1,0
1927,NBPF4,0
1928,DHRS9,0
1929,HCAR1,0
1930,ACE2,0
1931,NFATC1,0
1932,GPAT2,0
1933,UBAP2L,0
1934,DIRC3,0
1935,CT47A4,0
1936,SEMA5B,0
1937,TLR6,0
1938,ARPC1B,0
1939,CTNNA3,1
1940,KSR2,0
1941,DSN1,0
1942,ADIPOQ,0
1943,SLC38A4,0
1944,DCUN1D4,0
1945,RCBTB2,0
1946,CT47A5,0
1947,ZSCAN31,0
1948,HEPACAM2,0
1949,IDH1,0
1950,GPR141,0
1951,CATSPER4,0
1952,GLI2,0
1953,SLC16A5,0
1954,BTNL2,0
1955,HNRNPLL,0
1956,MEIOB,0
1957,SLFN14,0
1958,CYB561D2,0
1959,PSMC2,0
1960,TKT,0
1961,PNMA6A,0
1962,AGR2,0
1963,PARVG,0
1964,PEX5,0
1965,CCDC103,0
1966,LACC1,0
1967,PILRB,0
1968,APLN,0
1969,NECAP2,0
1970,CYLD,0
1971,ATP2B1,0
1972,REPS1,0
1973,KLLN,0
1974,CT47A7,0
1975,IFRD2,0
1976,PSMG4,0
1977,RELN,1
1978,LDB1,0
1979,NLGN1,1
1980,ARHGAP28,0
1981,MS4A6A,0
1982,PLEKHG2,0
1983,GABRA1,1
1984,LHFPL3,0
1985,CDC7,0
1986,ZNF630,0
1987,ZNF7,0
1988,EPS15L1,0
1989,CT47A1,0
1990,TBXA2R,0
1991,MYO1A,1
1992,CASP14,0
1993,CD163L1,0
1994,ABLIM2,0
1995,SLC4A4,0
1996,NKIRAS1,0
1997,ZNF512B,0
1998,RUSC2,0
1999,PRKD2,0
2000,COMMD5,0
2001,MORF4L2,0
2002,PDZK1,0
2003,CORO1C,0
2004,MAPK9,0
2005,SEMA4B,0
2006,DOCK8,1
2007,KLHL24,0
2008,ARFIP1,0
2009,EARS2,0
2010,IGFL2,0
2011,LPAR3,0
2012,SNX10,0
2013,MECP2,1
2014,SMARCA4,1
2015,CXCR6,0
2016,RAPGEF3,0
2017,MYT1L,1
2018,MAPKAPK3,0
2019,TOP2B,0
2020,NFIC,0
2021,GAGE12C,0
2022,PERP,0
2023,BLCAP,0
2024,SELENBP1,0
2025,TSEN34,0
2026,DUSP22,1
2027,ALKBH8,0
2028,RPL17,0
2029,IL34,0
2030,PET117,0
2031,MRO,0
2032,LPIN1,0
2033,ATP2C2,0
2034,POLDIP3,0
2035,ALPK1,0
2036,TMEM243,0
2037,ALKBH2,0
2038,CALCOCO2,0
2039,CT47A3,0
2040,SPATA13,0
2041,PRF1,0
2042,TAMM41,0
2043,ANXA11,0
2044,CHID1,0
2045,RELL1,0
2046,KMT2B,0
2047,IP6K3,0
2048,DOHH,0
2049,SLC6A12,0
2050,MXRA8,0
2051,KLC2,1
2052,CD36,0
2053,DDOST,0
2054,ATF7,0
2055,LY6H,0
2056,PLAC8,0
2057,CT47A6,0
2058,CHRM2,0
2059,MOV10,0
2060,CRYZ,0
2061,HOXC4,0
2062,HMGA1,0
2063,SLC52A1,0
2064,CT47A8,0
2065,ASRGL1,0
2066,DNAI2,0
2067,FOXA2,0
2068,ERAP2,0
2069,ZNF146,0
2070,HNRNPF,0
2071,TPRXL,0
2072,SNAP91,0
2073,RPL9,0
2074,CMTM3,0
2075,CCL24,0
2076,PNPT1,0
2077,EXOC3L2,0
2078,APTX,0
2079,SLC35G2,0
2080,AARSD1,0
2081,ZNF234,0
2082,CAPNS2,0
2083,PPIP5K1,0
2084,TESPA1,0
2085,UBE2L3,0
2086,MYBPC1,0
2087,SLAIN1,0
2088,BTD,0
2089,CAPZB,0
2090,SATB2,1
2091,SS18L2,0
2092,GAS2,1
2093,CTPS2,0
2094,RANGAP1,0
2095,RANBP1,0
2096,MYO16,1
2097,SERPINB2,0
2098,GK,0
2099,P4HA3,0
2100,CITED1,0
2101,ACSF2,0
2102,HYAL2,0
2103,BMPR1B,0
2104,TNRC6B,1
2105,PDZD2,0
2106,HK1,0
2107,MEF2B,0
2108,COPG2,0
2109,ACTA2,0
2110,CHST15,0
2111,WDR83,0
2112,NBPF6,0
2113,NR2C2AP,0
2114,PHTF2,0
2115,VKORC1L1,0
2116,SIGIRR,0
2117,TMEM233,0
2118,RPL6,0
2119,ARHGAP27,0
2120,ODF2,0
2121,CC2D2A,0
2122,BRAP,0
2123,MRPL55,0
2124,SYNGAP1,1
2125,DDC,1
2126,TANGO2,0
2127,PRM2,0
2128,ARRB2,0
2129,PPP1R13L,0
2130,SMC6,0
2131,PAX6,1
2132,IFT74,0
2133,GAGE12F,0
2134,RACGAP1,0
2135,CKMT2,0
2136,EFHC2,0
2137,LILRA5,0
2138,PLEKHA5,0
2139,MYH13,0
2140,VPS8,0
2141,MGAT1,0
2142,NDRG1,0
2143,TMEM120B,0
2144,NOP14,0
2145,ETV1,0
2146,INPP5D,0
2147,CA10,0
2148,PHLDB2,0
2149,HHATL,0
2150,TBL1XR1,1
2151,CHMP3,0
2152,CLMP,0
2153,RXFP1,0
2154,AQP12A,0
2155,HTR3E,0
2156,TRPV4,0
2157,PAQR8,0
2158,ENPP3,0
2159,ZBTB7B,0
2160,CDK15,0
2161,LILRB5,0
2162,C11orf21,0
2163,TAF1,1
2164,GTF2IRD2,0
2165,DCD,0
2166,GPR6,0
2167,FAM86B1,0
2168,NAPEPLD,0
2169,SYBU,0
2170,MUC7,0
2171,ZBTB22,0
2172,SLC25A44,0
2173,HRAS,1
2174,VWA5A,0
2175,CNTN6,1
2176,VRK2,0
2177,FBP1,0
2178,CT47A9,0
2179,LPAR4,0
2180,TRIM32,0
2181,CHTF8,0
2182,LARS2,0
2183,ZBTB42,0
2184,PLXNB2,0
2185,CLDN4,0
2186,SUMO3,0
2187,TMBIM1,0
2188,GAGE12J,0
2189,CCNB1IP1,0
2190,USP53,0
2191,EEF1D,0
2192,SCN5A,1
2193,TMEM176B,0
2194,PDE1A,0
2195,TOMM40,0
2196,MAP2K4,0
2197,TAF1D,0
2198,TRIM26,0
2199,STMN1,0
2200,CDK3,0
2201,CELF4,1
2202,AFAP1,0
2203,CNBP,0
2204,PNPLA8,0
2205,FIGNL1,0
2206,ERLIN1,0
2207,BCL7B,0
2208,ITPKB,0
2209,NBR1,0
2210,BEND3,0
2211,PTPRC,1
2212,GJC1,0
2213,DHRS12,0
2214,AOC1,0
2215,ATP6V0E2,0
2216,COLEC11,0
2217,GPR35,0
2218,CSGALNACT1,0
2219,ALDH3A1,0
2220,KIF21B,1
2221,MARCH8,0
2222,CT47A10,0
2223,IL5RA,0
2224,MBD3,1
2225,ARPP21,0
2226,ARHGAP22,0
2227,MMS19,0
2228,MALRD1,0
2229,IKZF2,0
2230,RPP14,0
2231,HLA-G,1
2232,FREM1,0
2233,CCDC28B,0
2234,MICA,0
2235,SCAF8,0
2236,RAB34,0
2237,RPL10,1
2238,STXBP2,0
2239,CDKN1C,0
2240,BCS1L,0
2241,PERM1,0
2242,ERG,1
2243,CT47A2,0
2244,MUC20,0
2245,DNAJB11,0
2246,MAMLD1,0
2247,OSR2,0
2248,SPARCL1,1
2249,HYLS1,0
2250,KCNIP1,0
2251,PTBP3,0
2252,GSDMB,0
2253,MYO7B,0
2254,METTL21A,0
2255,TICAM2,0
2256,SKIL,0
2257,ICAM2,0
2258,INTS12,0
2259,GCNT1,0
2260,PHYHIP,0
2261,POLR2H,0
2262,CTCFL,0
2263,STRBP,0
2264,SLC35A2,0
2265,SERPINA1,0
2266,GAGE12G,0
2267,EIF4G1,0
2268,SLC9A8,0
2269,ATP13A3,0
2270,FDXR,0
2271,SEMA4D,0
2272,DDX46,0
2273,FSHB,0
2274,RECQL,0
2275,STK33,0
2276,GALNT11,0
2277,SPATA2,0
2278,TRA2B,0
2279,MEPE,0
2280,ACKR2,0
2281,NDUFA5,1
2282,DUSP7,0
2283,ZNF80,0
2284,PCBP4,0
2285,HOXB3,0
2286,CPB1,0
2287,GPR156,0
2288,NCK1,0
2289,DNAJB8,0
2290,FHIT,1
2291,SUPT20H,0
2292,CLASP2,0
2293,RAB23,0
2294,TMEM176A,0
2295,SLC26A8,0
2296,PAEP,0
2297,VWA3B,0
2298,MRPS22,0
2299,RARRES2,0
2300,ZNF717,0
2301,RPL7L1,0
2302,MCM10,0
2303,NDUFA3,0
2304,MME,0
2305,U2SURP,0
2306,UBN2,1
2307,BOC,0
2308,SEPHS2,0
2309,PSMD6,0
2310,MYSM1,0
2311,BTBD9,0
2312,PTK7,1
2313,PARK7,0
2314,TIMMDC1,0
2315,RPL29,0
2316,PRSS50,0
2317,CDKN2A,0
2318,PEG10,0
2319,NMD3,0
2320,GCH1,0
2321,TIGIT,0
2322,NDUFB2,0
2323,CACNA2D3,1
2324,RPL35A,0
2325,FAM107A,0
2326,SMYD3,0
2327,ONECUT2,0
2328,PRKRIP1,0
2329,POU5F1B,0
2330,TRPC1,0
2331,SLC4A2,0
2332,AGTR1,0
2333,WWTR1,0
2334,MAP3K6,0
2335,SSBP1,0
2336,OFCC1,0
2337,HOXB6,0
2338,LYRM4,0
2339,SERP1,0
2340,SLITRK3,0
2341,ZMYND8,0
2342,B4GALT4,0
2343,GSTA2,0
2344,CCDC14,0
2345,ADPRH,0
2346,CPA5,0
2347,CYLC2,1
2348,UHMK1,0
2349,THOC5,0
2350,RPL23,0
2351,ABHD6,0
2352,ATP11A,0
2353,FSBP,0
2354,OARD1,0
2355,LAT2,0
2356,BAG1,0
2357,TFR2,0
2358,TIPARP,0
2359,MFN1,0
2360,PRB1,0
2361,TMEM150C,0
2362,SPINK13,0
2363,AWAT2,0
2364,MAML3,0
2365,MGAT4D,0
2366,ZNF131,0
2367,SLC10A7,0
2368,ATP2C1,0
2369,SLCO6A1,0
2370,PIEZO2,0
2371,ROPN1L,0
2372,XRCC4,0
2373,PCBD2,0
2374,GPR33,0
2375,HGFAC,0
2376,GABRA2,0
2377,ANAPC13,0
2378,MAGED4B,0
2379,PSG7,0
2380,ACTN3,0
2381,GSTCD,0
2382,LSM6,0
2383,ESRRB,1
2384,ACSL1,0
2385,LARP7,0
2386,TRIM34,0
2387,CXorf40A,0
2388,AADAT,0
2389,KIAA1211,0
2390,USP26,0
2391,MRPL36,0
2392,GNPDA1,0
2393,CHAD,0
2394,NPY5R,0
2395,FRG2,0
2396,ELOVL7,0
2397,SMUG1,0
2398,TENM3,0
2399,PTTG2,0
2400,SH3RF2,1
2401,HTN1,0
2402,TUSC3,0
2403,FBN2,0
2404,TAAR9,0
2405,AMOTL2,0
2406,NEDD4,0
2407,CNOT6L,0
2408,LUC7L3,0
2409,CDH18,0
2410,COX18,0
2411,ABLIM3,0
2412,INPP4B,0
2413,EXOC3,1
2414,COX7C,0
2415,SPINK2,0
2416,DROSHA,0
2417,GNGT2,0
2418,HELT,0
2419,ADH1C,0
2420,CRIP2,0
2421,RAD17,0
2422,SERINC5,0
2423,MLIP,0
2424,MCIDAS,0
2425,ZBTB38,0
2426,RNASET2,0
2427,RNF4,0
2428,KCTD16,0
2429,SMAD1,0
2430,TNIP3,0
2431,WNT8A,0
2432,ANAPC4,0
2433,PROM1,0
2434,MRPS27,0
2435,KCNN2,0
2436,MARCH1,0
2437,FOXR2,0
2438,DIO3,0
2439,CT45A5,0
2440,SMIM20,0
2441,TNFAIP8,0
2442,CEBPA,0
2443,DDR1,0
2444,SLC4A9,0
2445,MTTP,0
2446,GYPB,0
2447,TOB1,0
2448,WWP1,0
2449,NACA2,0
2450,DMTN,0
2451,ANKAR,0
2452,RANBP17,1
2453,PIK3R1,0
2454,RPL30,0
2455,MPP2,0
2456,CETN3,0
2457,PCDHGB4,0
2458,VASH2,0
2459,PYDC2,0
2460,SPSB2,0
2461,RGS21,0
2462,CLVS1,0
2463,RIMS1,1
2464,PBK,0
2465,ST3GAL1,0
2466,SEC24B,0
2467,LY6E,0
2468,NWD1,0
2469,PCDHGB6,0
2470,CLDN23,0
2471,AP3M2,0
2472,COX6C,0
2473,RNF19A,0
2474,GRIA1,1
2475,PCDHGB2,0
2476,NKAIN3,0
2477,CCNE2,0
2478,FAM49B,0
2479,TRNP1,0
2480,PCDHGB1,0
2481,TPD52,0
2482,PCDHGA6,0
2483,ERI1,0
2484,ATP6V0E1,0
2485,STK3,0
2486,ZNF260,0
2487,PCDHA3,1
2488,PCDHGA5,0
2489,SNTG1,0
2490,ASAP1,0
2491,SCUBE2,0
2492,ATXN7L3B,0
2493,PCDHGA7,0
2494,GABRP,0
2495,ALG11,0
2496,SBSN,0
2497,HDAC2,0
2498,CNOT8,0
2499,UQCRB,0
2500,ATOX1,0
2501,CA1,0
2502,KCNK9,0
2503,CSMD1,1
2504,GPBAR1,0
2505,HMGB4,0
2506,IDO1,0
2507,ANKRD6,0
2508,EID1,0
2509,BTBD10,0
2510,PGBD5,0
2511,KRTAP5-9,0
2512,TAS2R43,0
2513,EIF3F,0
2514,CSRP3,0
2515,TYK2,0
2516,AMBRA1,1
2517,CAPN1,0
2518,HSPA8,0
2519,EBLN2,0
2520,WDR74,0
2521,IL32,0
2522,CHMP1B,0
2523,TAGLN,0
2524,SPA17,0
2525,PBOV1,0
2526,GPR61,0
2527,BRK1,0
2528,NAALAD2,0
2529,SPTBN2,0
2530,FAT3,0
2531,YPEL4,0
2532,SMTNL1,0
2533,CFL1,0
2534,UQCC3,0
2535,EYA4,0
2536,KDM2A,0
2537,MEX3A,0
2538,RNPC3,0
2539,MPZ,0
2540,RGS5,0
2541,TRIM3,0
2542,KCNA2,0
2543,CASP1,0
2544,USP47,0
2545,BBIP1,0
2546,GSDMD,0
2547,MS4A1,0
2548,SLC22A18AS,0
2549,KCNJ5,0
2550,MAGEL2,1
2551,FLI1,0
2552,CALCB,0
2553,ST5,0
2554,CRYAB,0
2555,TRAF6,0
2556,FCGR3B,0
2557,EIF4G2,0
2558,SPRN,0
2559,B3GAT1,0
2560,PNLIPRP1,0
2561,RNH1,0
2562,H2AFX,0
2563,RAP1GAP,0
2564,SERPINH1,0
2565,FAM111A,0
2566,SLC43A3,0
2567,MAML2,0
2568,PCDHA8,1
2569,ATP6V0B,0
2570,NRK,0
2571,TSKU,0
2572,THNSL1,0
2573,RAB30,0
2574,TEAD1,0
2575,CRACR2B,0
2576,RTL1,0
2577,GJB7,0
2578,TOR1AIP1,0
2579,FAU,0
2580,SLN,0
2581,DDIAS,0
2582,LGALS8,0
2583,POLN,0
2584,AGBL2,0
2585,EPS8L2,0
2586,EID3,0
2587,CNTN5,1
2588,GRIK4,1
2589,ASCL3,0
2590,CELF1,0
2591,KCNV1,0
2592,ST3GAL4,0
2593,SAA2,0
2594,TP53I11,0
2595,CCS,0
2596,OMP,0
2597,IGSF9B,0
2598,PCDHA5,1
2599,GALNT4,0
2600,ADM,0
2601,NXF1,0
2602,ARMS2,0
2603,HCAR3,0
2604,SLC52A2,0
2605,KIAA0100,0
2606,CACNG5,0
2607,SMIM3,0
2608,DNAAF3,0
2609,CYB5R2,0
2610,CHI3L2,0
2611,TIAM2,0
2612,DICER1,0
2613,TNKS1BP1,0
2614,ENO2,0
2615,FZD3,0
2616,LATS1,0
2617,IQSEC3,0
2618,HMGA2,0
2619,HTR2A,1
2620,SFSWAP,0
2621,BCORL1,1
2622,LDHC,0
2623,CDH22,1
2624,ZNF641,0
2625,TRPM1,1
2626,GPRASP2,1
2627,HIF1A,0
2628,KLRC1,0
2629,CCDC91,1
2630,GGA3,0
2631,COPS7A,0
2632,SP6,0
2633,CALU,0
2634,TJP2,0
2635,BBS12,0
2636,MAGEA8,0
2637,KIF1A,0
2638,IST1,0
2639,PGAM5,0
2640,KPNA2,0
2641,ZC3H11A,0
2642,PLSCR3,0
2643,C1R,0
2644,ACADVL,0
2645,SMG8,0
2646,CDK5RAP3,0
2647,ZCCHC8,0
2648,DBI,0
2649,CRADD,0
2650,NFE2,0
2651,TBCE,0
2652,MTRNR2L1,0
2653,CIZ1,0
2654,FKBP9,0
2655,TRDN,0
2656,SSUH2,0
2657,ZNF667,0
2658,ANAPC15,0
2659,ZNF133,0
2660,TARM1,0
2661,DMXL1,0
2662,ATXN7,1
2663,PLEKHG5,0
2664,TRERF1,0
2665,TMEM50B,0
2666,MPDZ,0
2667,HOMER3,0
2668,ARF1,0
2669,CPNE6,0
2670,FAM120B,0
2671,FAM9A,0
2672,PDYN,0
2673,TDRD3,0
2674,TBC1D30,0
2675,LUC7L2,0
2676,ME3,0
2677,ABCB9,0
2678,ADIG,0
2679,ZNF124,0
2680,DDX11,1
2681,CLEC4C,0
2682,ATF7IP,0
2683,KIAA1958,0
2684,GRM4,1
2685,VNN3,0
2686,TMEM216,0
2687,TLR5,0
2688,PHC1,0
2689,CYP2E1,0
2690,SYTL1,0
2691,NR4A1,0
2692,PACSIN3,0
2693,AP3B2,0
2694,OBP2A,0
2695,GPR161,0
2696,SLC16A1,0
2697,NDUFC1,0
2698,NOL8,0
2699,CLTCL1,1
2700,RHBG,0
2701,USP36,0
2702,CLDN2,0
2703,MARVELD1,0
2704,ZNF664,0
2705,ARSE,0
2706,NNMT,0
2707,SERPINB11,0
2708,UBC,0
2709,TAS2R20,0
2710,PRR14,0
2711,CLUL1,0
2712,DYRK4,0
2713,PTHLH,0
2714,CXorf56,0
2715,HPR,0
2716,FNDC3A,0
2717,GPR19,0
2718,ARHGEF28,0
2719,PIH1D3,0
2720,ORC4,0
2721,CEPT1,0
2722,RBM19,0
2723,PIANP,0
2724,CAND1,0
2725,TOP3A,0
2726,SLC34A3,0
2727,IL22,0
2728,MIXL1,0
2729,PTK6,0
2730,ASIC5,0
2731,STOML1,0
2732,ZNF668,0
2733,DAG1,0
2734,PRB3,0
2735,ADAP1,0
2736,HTATSF1,0
2737,LMO3,0
2738,TET2,1
2739,RGS13,0
2740,SETD1B,1
2741,APC2,0
2742,DAPK3,0
2743,GPR17,0
2744,HIST4H4,0
2745,RASSF3,0
2746,STH,0
2747,RSPRY1,0
2748,C2CD5,0
2749,TMEM258,0
2750,LPAR2,0
2751,FAR2,0
2752,PFKFB3,0
2753,IDO2,0
2754,ACTN2,0
2755,MVK,0
2756,PLCB3,0
2757,TBC1D10C,0
2758,SP7,0
2759,CELF2,0
2760,ZNF580,0
2761,NUP153,0
2762,POLR1B,0
2763,SLCO1C1,0
2764,GALNT6,0
2765,CITED2,0
2766,SYT7,0
2767,RAI2,0
2768,PDGFRL,0
2769,TNFAIP8L1,0
2770,PRRG1,0
2771,OTUB1,0
2772,FRMPD1,0
2773,ZNF268,0
2774,SCO2,0
2775,SEBOX,0
2776,KRT86,0
2777,TMEM14C,0
2778,MYCBP2,0
2779,CYFIP2,0
2780,ATP1A3,1
2781,TAS2R30,0
2782,SSH2,0
2783,FKBP5,0
2784,ZNF324,0
2785,USO1,0
2786,NUTM1,0
2787,PAFAH1B3,0
2788,KCNK4,0
2789,AP1S2,1
2790,HCK,0
2791,APOA5,0
2792,FRY,0
2793,CTSV,0
2794,HSD3B2,0
2795,NLRP2,0
2796,ATP1A1,1
2797,ATP8B1,0
2798,PIK3C2G,0
2799,RABEP1,0
2800,FAM90A1,0
2801,PHKG1,0
2802,HIST1H2BG,0
2803,PRAME,0
2804,GPRASP1,0
2805,PCGF5,0
2806,RNF170,0
2807,LTB4R2,0
2808,TIMM50,0
2809,SLC2A14,0
2810,VIM,0
2811,BEX5,0
2812,TUBGCP2,0
2813,RRP12,0
2814,HES7,0
2815,RAN,0
2816,SLC25A10,0
2817,SOD2,0
2818,LSM14A,0
2819,PCSK5,0
2820,GTSF1,0
2821,COX14,0
2822,BPNT1,0
2823,GATC,0
2824,APPL2,0
2825,MYL6,0
2826,CNTN1,0
2827,RAB5C,0
2828,SLC8B1,0
2829,FRS2,0
2830,MTERF2,0
2831,CD63,0
2832,ZBED6,0
2833,PFDN5,0
2834,NUP37,0
2835,POTEG,0
2836,TPCN1,0
2837,SPATS2,0
2838,GLIPR1L2,0
2839,BEST2,0
2840,BRF1,0
2841,CPM,0
2842,SPIC,0
2843,DDIT3,0
2844,MAP3K12,0
2845,DTX3,0
2846,METTL7A,0
2847,GAS2L3,0
2848,CYP4F12,0
2849,RDH12,0
2850,DNM1L,1
2851,COPZ1,0
2852,RPLP0,0
2853,MAPKAPK5,0
2854,KRT8,0
2855,SLC38A1,0
2856,MRPL42,0
2857,GPR84,0
2858,MYL6B,0
2859,ALDH6A1,0
2860,RAX2,0
2861,BDKRB2,0
2862,IL11RA,0
2863,JKAMP,0
2864,SERPINA4,0
2865,TMEM30B,0
2866,STON2,0
2867,EMX2,0
2868,DIO2,0
2869,ZBTB1,0
2870,GSKIP,0
2871,PROX2,0
2872,UBE2J1,0
2873,HNRNPC,0
2874,NUMB,0
2875,HSD17B6,0
2876,MOAP1,0
2877,MC1R,0
2878,NRXN3,1
2879,NDRG2,0
2880,SPTB,0
2881,SRP54,0
2882,AKT1,0
2883,IFI27L1,0
2884,PRAF2,0
2885,XRCC3,0
2886,ITGA7,0
2887,SRSF5,0
2888,VIPAS39,0
2889,PTGR2,0
2890,PTPN21,0
2891,NAA30,0
2892,ZFP37,0
2893,TNFAIP2,0
2894,SEC11A,0
2895,ITGB3,1
2896,PEAK1,0
2897,ZNF592,0
2898,RPL28,0
2899,MAN2A2,0
2900,RGPD1,0
2901,TRIM69,0
2902,RFX7,0
2903,APBA2,1
2904,TLN2,0
2905,TGIF2LX,0
2906,RNF111,0
2907,GMPR2,0
2908,NRL,0
2909,ZEB2,0
2910,TRAF3,0
2911,CLN3,0
2912,NUB1,0
2913,AP5B1,0
2914,RBM15B,0
2915,DNASE1L2,0
2916,ITGAX,0
2917,SLC38A7,0
2918,ASIP,0
2919,SNUPN,0
2920,TMEM204,0
2921,SCAPER,0
2922,TMC7,0
2923,SLC7A6,0
2924,METRN,0
2925,BOP1,0
2926,DUS2,0
2927,TAF1C,1
2928,C15orf41,0
2929,ZNF423,0
2930,HYKK,0
2931,ARPP19,0
2932,SCRT1,0
2933,KCTD13,1
2934,MRC1,0
2935,MUC22,0
2936,TUBB8,0
2937,PRRT2,0
2938,DET1,0
2939,MLST8,0
2940,ELFN1,0
2941,ZDHHC7,0
2942,TBC1D3G,0
2943,SPSB3,0
2944,TSNAXIP1,0
2945,NOL3,0
2946,EME2,0
2947,CEMP1,0
2948,SMIM1,0
2949,KIAA0513,0
2950,USP10,0
2951,PECAM1,0
2952,CHD9,0
2953,COX4I1,0
2954,NFAT5,0
2955,UBL7,1
2956,RNPS1,1
2957,RGSL1,0
2958,MAN2C1,0
2959,KCNJ18,0
2960,CENPT,0
2961,PHLPP2,0
2962,HSPB9,0
2963,DUX4,0
2964,ACTG1,0
2965,INCA1,0
2966,DNAH2,0
2967,PCDHGA4,0
2968,MMP12,0
2969,CIC,1
2970,CARD14,0
2971,NDUFAB1,0
2972,ALOX15,0
2973,DPEP2,0
2974,CLUH,0
2975,ACSM2A,0
2976,LITAF,0
2977,LRRC37A2,0
2978,SPATA22,0
2979,SRGAP2,0
2980,TNK1,0
2981,ANKFY1,0
2982,GTF2I,1
2983,SPON1,0
2984,PCDHGA9,0
2985,PRPF8,0
2986,OCLM,0
2987,USP6,0
2988,ZFP90,0
2989,CCER2,0
2990,ATPAF1,0
2991,ZP2,0
2992,SLC43A2,0
2993,OVCA2,0
2994,CTDNEP1,0
2995,PCDHGB3,0
2996,MRPS21,0
2997,RAB31,0
2998,RASSF5,1
2999,BAHCC1,0
3000,CD300LF,0
3001,STARD6,0
3002,TPPP3,0
3003,YES1,0
3004,TXNIP,0
3005,NBPF15,0
3006,NBPF15,0
3007,NBPF15,0
3008,NBPF15,0
3009,ADCYAP1,0
3010,HIST2H4A,0
3011,OTUD7B,0
3012,SPATA33,0
3013,NCOA4,0
3014,FAM72C,0
3015,GDF2,0
3016,RBM8A,1
3017,RNF43,0
3018,MARCH10,0
3019,MSMB,0
3020,RBP3,0
3021,ANP32E,0
3022,TRIM16,0
3023,TMEM98,0
3024,KLF14,0
3025,PTPRM,0
3026,MIF4GD,0
3027,SEC22B,0
3028,MYL12B,0
3029,ACP6,0
3030,RBFOX3,0
3031,GJD3,0
3032,KCNJ12,1
3033,RPL26,0
3034,NBPF10,0
3035,SLC16A3,1
3036,PITPNC1,0
3037,IKBKE,0
3038,CDK11B,0
3039,KIAA0040,0
3040,DDX42,0
3041,RNF213,0
3042,GDF10,0
3043,GREB1L,0
3044,MYH3,0
3045,PTRH2,0
3046,RPL36,0
3047,IFT20,0
3048,TIMM23,0
3049,LRRC37A3,0
3050,RPL27,0
3051,UNK,0
3052,PLEKHJ1,0
3053,MAP4K1,0
3054,CD3EAP,0
3055,TMC6,0
3056,KCNJ16,0
3057,APOC1,0
3058,TJP3,0
3059,ACSBG2,0
3060,OVOL3,0
3061,TMEM100,0
3062,SLC16A2,0
3063,CCDC106,0
3064,POLRMT,0
3065,GALK1,0
3066,KIF18B,0
3067,PPY,0
3068,RDH8,0
3069,LYPD8,0
3070,ELANE,0
3071,PRKCSH,0
3072,ZNF540,0
3073,NLRP11,0
3074,PIP5K1C,0
3075,TSSK6,0
3076,TLE2,0
3077,CEACAM16,0
3078,CCDC68,0
3079,ZNF266,0
3080,LSM12,0
3081,APOC2,0
3082,FUT5,0
3083,CIRBP,0
3084,FHOD3,0
3085,WTIP,0
3086,TRMT1,0
3087,LRFN3,0
3088,TTN,1
3089,UQCR11,0
3090,COX6B2,0
3091,ABCA8,0
3092,SEMA6B,0
3093,SAFB,0
3094,RPS15,0
3095,GPATCH8,0
3096,WBP2,0
3097,ZNF699,0
3098,LINGO3,0
3099,KANK2,0
3100,LUZP6,0
3101,SARM1,0
3102,ZNF101,0
3103,HSPB6,0
3104,ERC1,0
3105,EML2,0
3106,PSENEN,0
3107,NMT1,0
3108,GFAP,0
3109,ZNF177,0
3110,ZNF253,0
3111,ACP5,0
3112,ZBTB7C,0
3113,MBD1,1
3114,FPR2,0
3115,STAP2,0
3116,JOSD2,0
3117,SLC25A53,0
3118,SSX4,0
3119,NPAS1,0
3120,SLITRK4,0
3121,CHMP2A,0
3122,GABRQ,1
3123,PAK4,0
3124,KLK9,0
3125,CTAG1A,0
3126,PNMA3,0
3127,NTF4,0
3128,ZNF628,0
3129,FLT3LG,0
3130,ZFP36,0
3131,EGLN2,0
3132,SHANK2,1
3133,LRIT3,0
3134,MPV17L2,0
3135,DYRK1B,0
3136,SCGB2B2,0
3137,TAZ,0
3138,ZNF114,0
3139,NOSIP,0
3140,UPF1,0
3141,DTNA,0
3142,CT45A1,0
3143,PRICKLE3,0
3144,SUPT5H,0
3145,MYH14,0
3146,FBN3,0
3147,EMG1,0
3148,SPANXN2,0
3149,IL12RB1,0
3150,SLC6A14,0
3151,CGB7,0
3152,TMEM59L,0
3153,RPS19,0
3154,MAGEA9,0
3155,NUP62,0
3156,DMRTC1,0
3157,FARP1,0
3158,MYO9B,1
3159,FGF21,0
3160,FPR1,0
3161,MARCH2,0
3162,MBD3L1,0
3163,TEX13A,0
3164,SLC38A5,0
3165,ZNF480,0
3166,HAMP,0
3167,IRF3,0
3168,TMEM185A,0
3169,TEAD2,0
3170,MAGED4,0
3171,SUGP2,0
3172,TEX101,0
3173,RPS28,0
3174,IL4I1,0
3175,PLA2G4C,0
3176,ZNF83,0
3177,C5AR2,0
3178,ZNF473,0
3179,KXD1,0
3180,ZNF99,0
3181,RPS5,0
3182,FCHO1,0
3183,ZNF320,0
3184,MAGEA3,0
3185,FFAR2,0
3186,RUVBL2,0
3187,GPR42,0
3188,NELFCD,0
3189,H6PD,0
3190,MEI4,0
3191,OAZ1,0
3192,MAGEB5,0
3193,DNAJC3,0
3194,EBLN1,0
3195,MMP28,0
3196,FXYD3,0
3197,TMEM120A,0
3198,ALDH3B1,0
3199,DYNC2LI1,0
3200,CCDC120,0
3201,UPP2,0
3202,TAF15,0
3203,LEKR1,0
3204,RASL10B,0
3205,ADAM21,0
3206,CCL5,0
3207,NBPF1,0
3208,GAS2L2,0
3209,HADH,0
3210,TLX1NB,0
3211,DUOX2,0
3212,KPRP,0
3213,LCE1C,0
3214,APLNR,0
3215,CHURC1,0
3216,MPHOSPH9,0
3217,TM2D1,0
3218,TBC1D7,1
3219,HEBP2,0
3220,HIST2H2AA3,0
3221,CNKSR3,0
3222,POLDIP2,0
3223,DNAH11,0
3224,DCP1A,0
3225,GTF2H5,0
3226,NUDT3,0
3227,HIST1H2BJ,0
3228,UQCC2,0
3229,FRK,1
3230,SLC37A4,0
3231,SIRT5,0
3232,BHLHA15,0
3233,FBXW2,0
3234,SCX,0
3235,KCNN1,0
3236,GPRIN3,0
3237,ZBTB25,0
3238,PPP1R12B,0
3239,FKBP8,0
3240,GAN,1
3241,SLC25A16,0
3242,TRABD2B,0
3243,RPAP2,0
3244,FRRS1L,0
3245,APBB1,1
3246,DYNLL2,0
3247,PCDHB16,0
3248,PPM1K,0
3249,SYT6,0
3250,KCNJ6,0
3251,GRIN2B,1
3252,NOMO2,0
3253,NBPF11,0
3254,DGKK,1
3255,HIST1H2BO,0
3256,NAP1L1,0
3257,HCRTR2,0
3258,MR1,0
3259,SCARF2,0
3260,CYP4F8,0
3261,HMOX2,0
3262,SRD5A2,1
3263,CPNE3,0
3264,ELOVL1,0
3265,BIRC2,0
3266,TMC4,0
3267,NAGK,0
3268,DUSP14,0
3269,C18orf54,0
3270,AQP6,0
3271,NR1H3,0
3272,CPEB1,0
3273,ZNF8,1
3274,KANK1,1
3275,ANAPC16,0
3276,SRGAP2B,0
3277,TPT1,0
3278,PTCRA,0
3279,LHX1,0
3280,ZNF282,0
3281,CLEC18C,0
3282,AATF,0
3283,GGTLC3,0
3284,TOX4,0
3285,HIST1H4G,0
3286,HIST1H2BM,0
3287,CCL3,0
3288,GIMAP5,0
3289,TMPRSS4,0
3290,STAG3,0
3291,NBPF9,0
3292,SLC25A14,1
3293,NOS1,1
3294,CCL16,0
3295,ANXA8,0
3296,STIM1,0
3297,MARCKS,0
3298,VPS13D,0
3299,CASP8AP2,0
3300,CRY2,0
3301,AKAP1,0
3302,GGNBP2,1
3303,MTHFD1L,0
3304,ABCB1,0
3305,PCDHGB5,0
3306,SRGAP2C,0
3307,SPPL2B,0
3308,POLR2E,0
3309,SMOX,0
3310,SPCS1,0
3311,GREM1,0
3312,ATXN3,0
3313,FOXI3,0
3314,TTI2,1
3315,PPP6R2,0
3316,MT1A,0
3317,TBC1D3D,0
3318,PLCL2,0
3319,UBE2F,0
3320,RAB18,0
3321,CYSLTR1,0
3322,ANAPC10,0
3323,NLRP1,0
3324,ZNF274,0
3325,CYP1B1,0
3326,GAGE2E,0
3327,VEGFA,0
3328,TTC25,1
3329,NEURL3,0
3330,PCDHB9,0
3331,NBPF12,0
3332,SYT16,0
3333,SLC1A7,0
3334,RAG2,0
3335,TNFRSF9,0
3336,RYK,0
3337,NBPF19,0
3338,DDX6,0
3339,SEC14L2,0
3340,PPP1R9B,0
3341,LTN1,0
3342,PTMS,0
3343,TEX28,0
3344,CAMK1D,0
3345,ADRM1,0
3346,CPNE4,0
3347,GNAZ,0
3348,YAP1,0
3349,AIFM2,0
3350,UPK1A,0
3351,CBY1,0
3352,RPP38,0
3353,GPHB5,0
3354,CCDC28A,0
3355,OSCAR,0
3356,CCL14,0
3357,ENC1,0
3358,SVOP,0
3359,HIST1H4A,0
3360,GABRG3,1
3361,ACSF3,0
3362,FMN1,0
3363,EHD1,0
3364,PRH1,0
3365,HIST1H2BH,0
3366,GALNTL5,0
3367,UBXN8,0
3368,ECSCR,0
3369,JAKMIP2,0
3370,TRIL,0
3371,BORA,0
3372,HIST3H2BB,0
3373,NBPF8,0
3374,CLIP1,0
3375,RIMBP3B,0
3376,HIST1H4D,0
3377,PHB,1
3378,PCID2,0
3379,DDX52,0
3380,MYO19,0
3381,DPF3,0
3382,CD177,0
3383,KIZ,0
3384,GIMAP6,0
3385,LYNX1,0
3386,RHNO1,0
3387,CLTC,0
3388,UHRF1,0
3389,MYC,0
3390,F8A1,0
3391,PLCD3,0
3392,AOAH,0
3393,RPS6KA5,0
3394,CAB39L,0
3395,KCP,0
3396,MAL2,0
3397,PRSS56,0
3398,CFAP57,0
3399,HIST1H4K,0
3400,CNTNAP4,1
3401,DENND1B,0
3402,RASGRP4,0
3403,CIB1,0
3404,ALOX5AP,1
3405,ZMYM2,0
3406,MLLT6,0
3407,SH3GLB1,0
3408,LRRC8E,0
3409,CCL18,0
3410,SLC4A1AP,0
3411,EPHX1,0
3412,HEMGN,0
3413,VEGFC,0
3414,SYN2,1
3415,GPIHBP1,0
3416,METTL8,0
3417,PKD1L3,0
3418,NMRK2,0
3419,NCAM1,0
3420,SRSF8,0
3421,HYOU1,0
3422,PIK3R6,0
3423,POLR2A,0
3424,POLD2,0
3425,USH1G,0
3426,HNF1B,0
3427,ZNF2,0
3428,IQSEC1,0
3429,TUBGCP5,1
3430,CD99L2,1
3431,TRAPPC3,0
3432,SLC22A24,0
3433,PDLIM5,0
3434,MTERF4,0
3435,ZNF205,0
3436,GPR1,0
3437,SRRT,0
3438,B4GALT3,0
3439,DHRS3,0
3440,IFNA13,0
3441,COL19A1,0
3442,OPLAH,0
3443,NRN1,0
3444,TCHH,0
3445,PDZD7,0
3446,ITCH,0
3447,TMCO1,0
3448,GTF2IRD2B,0
3449,DNAI1,0
3450,CCL3L3,0
3451,CYP3A7,0
3452,ADRA2B,0
3453,ORAI1,0
3454,PRDM11,0
3455,MAGEA6,0
3456,SLC46A1,0
3457,COPZ2,0
3458,IQCE,0
3459,NUDT18,0
3460,ZAN,0
3461,EPHA5,0
3462,FGF1,0
3463,NDFIP2,0
3464,LSR,0
3465,PKIB,0
3466,HIST1H3A,0
3467,FDFT1,0
3468,NOP16,0
3469,VPS29,0
3470,ST3GAL6,0
3471,SLC6A6,0
3472,SPAST,1
3473,SLC9A7,0
3474,HIST1H4L,0
3475,P2RY6,0
3476,SSTR3,0
3477,MCM3,0
3478,CHST9,0
3479,BHLHE23,0
3480,PLP1,0
3481,GAS2L1,0
3482,SCAMP1,0
3483,PSMC3,0
3484,CYFIP1,1
3485,TESK1,0
3486,FCGBP,0
3487,TADA2A,0
3488,MGAT4C,0
3489,E2F8,0
3490,FAM83D,0
3491,FOLR3,0
3492,VPS11,0
3493,SHISA8,0
3494,FXYD1,0
3495,SOCS2,0
3496,SLC38A3,0
3497,SNX12,0
3498,CCL23,0
3499,AMY2A,0
3500,HIST1H4I,0
3501,DDX24,0
3502,GRIA3,0
3503,MRM1,0
3504,TNFAIP3,0
3505,POM121C,0
3506,FOXD1,0
3507,RPS10,0
3508,SPRY1,0
3509,RSRC1,0
3510,SERPINI2,0
3511,TBC1D2,0
3512,ABCG4,0
3513,FMO1,0
3514,AP5S1,0
3515,CSDE1,0
3516,ZNF568,0
3517,SAP18,0
3518,KCNN3,0
3519,JADE3,0
3520,ARHGAP23,0
3521,GNB1,0
3522,CHST12,0
3523,SEZ6L2,1
3524,MED6,0
3525,ARHGAP11B,1
3526,CREB3L1,0
3527,EPHB6,1
3528,NR4A3,0
3529,IP6K1,0
3530,PCGF2,0
3531,PTGES3,0
3532,PER3,0
3533,CPEB3,0
3534,NEFL,1
3535,C11orf95,0
3536,PIGW,0
3537,BCL2L12,0
3538,PLEKHA2,0
3539,SOCS7,0
3540,CGA,0
3541,DACH1,0
3542,CCL4,0
3543,DGAT1,0
3544,HIST1H3E,0
3545,IFFO1,0
3546,ZP4,0
3547,TTC8,0
3548,RECQL4,0
3549,MAP7,0
3550,IRX4,0
3551,JRK,0
3552,HIST1H2AK,0
3553,MED22,0
3554,FXYD6,0
3555,PLCG2,0
3556,LPP,0
3557,RFPL3S,0
3558,NR2E3,0
3559,SPATS2L,0
3560,HIST1H2AL,0
3561,ZNF658,0
3562,REC8,0
3563,PIP4K2B,0
3564,FAM170A,0
3565,H2AFB3,0
3566,TWIST2,0
3567,TBC1D3F,0
3568,METTL23,0
3569,HSH2D,0
3570,ZNF322,0
3571,PEX12,0
3572,HMGN3,0
3573,RAB11FIP4,0
3574,TBC1D3H,0
3575,MGST2,0
3576,MAP3K14,0
3577,HIST1H2BB,0
3578,DHRS11,0
3579,PTPN9,0
3580,TPSB2,0
3581,C9orf72,0
3582,PCSK6,0
3583,LARP4B,0
3584,FTCDNL1,0
3585,NAPB,0
3586,AP2B1,0
3587,CRABP2,0
3588,PTPRQ,0
3589,PPIP5K2,0
3590,DOC2B,0
3591,PRLR,0
3592,ALMS1,0
3593,ABO,0
3594,SLC2A11,0
3595,ELK1,0
3596,NR2C2,0
3597,ZNF74,0
3598,TAC3,0
3599,ACD,0
3600,PADI6,0
3601,DCAF7,0
3602,HIST1H2BE,0
3603,HNRNPDL,0
3604,HIST1H3I,0
3605,ACACA,0
3606,WASF2,0
3607,SKOR2,0
3608,TCTN3,0
3609,GALE,0
3610,RIMBP3,0
3611,GHR,0
3612,MARK1,1
3613,IFI27,0
3614,SYNRG,0
3615,GPR179,0
3616,NSA2,0
3617,ARFRP1,0
3618,NTMT1,0
3619,OXA1L,0
3620,DDX27,0
3621,HAO2,0
3622,LEPROT,0
3623,MID1IP1,0
3624,RDM1,0
3625,FURIN,0
3626,SALL2,0
3627,BTK,0
3628,SPON2,0
3629,CCL4L1,0
3630,CABYR,0
3631,CLECL1,0
3632,USP27X,0
3633,CHD1,1
3634,PSMB3,0
3635,KLRF1,0
3636,ZNF107,0
3637,ADCYAP1R1,0
3638,DAOA,0
3639,CISD3,0
3640,HPCAL1,0
3641,FXYD4,0
3642,GAGE13,0
3643,NPRL3,0
3644,IKBKG,0
3645,HIST1H2AB,0
3646,TSPAN33,0
3647,LYZL6,0
3648,HIST1H2BN,0
3649,SSBP2,0
3650,PHF19,0
3651,CD24,0
3652,ZCCHC3,0
3653,PACSIN1,0
3654,CCL15,0
3655,HIST1H3F,0
3656,PRIM2,0
3657,ARFIP2,0
3658,COLCA2,0
3659,SEMA3B,0
3660,CLEC18A,0
3661,TMEM114,0
3662,LIG4,0
3663,MREG,0
3664,NEB,0
3665,SERPINB6,0
3666,SMTN,0
3667,TPTE,0
3668,HOXA3,0
3669,NT5C3A,0
3670,CD48,0
3671,NEK3,0
3672,EPPK1,1
3673,IFNA5,0
3674,CTDP1,0
3675,MIS12,0
3676,GJA5,0
3677,TBC1D3B,0
3678,PPP1R2,0
3679,GLYAT,0
3680,OBP2B,0
3681,APELA,0
3682,PMP22,0
3683,LRRC6,0
3684,HIST1H3G,0
3685,B3GNT6,0
3686,MDFIC,0
3687,HIST1H3C,0
3688,GAGE1,0
3689,CPSF1,0
3690,ZNHIT3,0
3691,IFITM2,0
3692,SRCIN1,0
3693,HIST1H4E,0
3694,FOXP1,1
3695,ARMC9,0
3696,SPATA31A7,0
3697,MUC1,0
3698,HIST1H3B,0
3699,EXOC5,1
3700,ADAM29,0
3701,MRPL45,0
3702,CAPS,0
3703,CDH4,0
3704,ZSCAN26,0
3705,PRAC2,0
3706,CIITA,0
3707,MUC13,0
3708,SLC27A3,0
3709,UBTFL1,0
3710,DUX4L8,0
3711,CDHR1,0
3712,QRFP,0
3713,DCHS2,0
3714,ADSL,1
3715,RASSF10,0
3716,OR2F1,0
3717,MAGEA2,0
3718,CERS1,0
3719,NXF2,0
3720,ZNF518A,0
3721,MUC5AC,0
